{"cameraMode":{"drawMode":0,"name":"Shaded","section":"Shading Mode"},"sceneLighting":false,"audioPlay":false,"sceneViewState":{"m_AlwaysRefresh":false,"showFog":true,"showSkybox":false,"showFlares":true,"showImageEffects":true,"showParticleSystems":true,"showVisualEffectGraphs":true,"m_FxEnabled":true},"in2DMode":false,"pivot":{"x":23.1299991607666,"y":14.579999923706055,"z":-2.559999942779541},"rotation":{"x":0.2621272802352905,"y":-0.043408531695604327,"z":0.011805021204054356,"w":0.9639901518821716},"size":0.8660253882408142,"orthographic":false}